id,source_type,description_level,noise_level,gold_category,gold_known_class,gold_open_set,pred_category,pred_known_class,pred_open_set,exact_correct,input_text,Flight_Deck_Type,Flight_Deck_Position,Catapult,Catapult_Count,Arresting_Gear,Arresting_Gear_Count,Aircraft_Capacity_Level,Fixed_Wing_Aircraft_Operation,STOVL_Aircraft_Operation,Hangar,Well_Deck,Stern_Gate,Landing_Craft_Capability,Landing_Craft_Capacity,Vehicle_Deck,Troop_Transport,Hull_Form,Superstructure_Type,Island_Position,Mast_Feature,Stealth_Shape,VLS_Presence,VLS_Count_Level,VLS_Position,Main_Gun_Presence,Main_Gun_Position,Main_Gun_Caliber,Phased_Array_Radar,Radar_Array_Type,Anti_Ship_Missile_Launcher,Sonar_Feature,Primary_Mission,Area_Air_Defense,Anti_Submarine,Amphibious_Assault,Landing_Operation,Command_Control,Fleet_Core,Patrol_Littoral,Length_Overall,Beam,Full_Load_Displacement,Speed,Range,Crew,Aircraft_Capacity,Troop_Capacity,Power_Output,Propulsion,Powerplant,Radar_System,Combat_System,Weapon_System,Aircraft,Landing_Craft,Mission_Module,Keywords,prediction_json,match_result_json,v29_slot_based_analysis
known_nimitz_005,vlm_style_description,detailed,low,航空母舰,尼米兹级航空母舰,False,登陆舰,,True,False,图中舰船为超大型平甲板舰艇，右舷可见舰岛式上层建筑，甲板上存在斜角降落区和多处舰载机作业区域。画面未显示坞舱、艉门或登陆艇投送结构，整体更接近传统弹射型航母。,斜角飞行甲板,未知,有,未知,未知,未知,未知,有,未知,未知,无,无,无,无,未知,未知,未知,舰岛式上层建筑,右舷舰岛,未知,未知,未知,未知,未知,未知,未知,未知,未知,未知,未知,未知,未知,未知,未知,未知,未知,未知,未知,未知,未知,未知,未知,未知,未知,未知,未知,未知,未知,未知,未知,,,,,,,"超大型平甲板舰艇,右舷舰岛式上层建筑,斜角降落区,舰载机作业区域,传统弹射型航母","{""pred_category"": ""登陆舰"", ""pred_known_class"": ""惠德比岛级船坞登陆舰"", ""pred_open_set"": false, ""pred_unknown_scope"": null, ""final_decision"": {""result_type"": ""known_class"", ""primary_category"": ""登陆舰"", ""primary_class"": ""惠德比岛级船坞登陆舰"", ""confidence"": 0.62, ""status"": ""single_best"", ""message"": ""最终判定：登陆舰 / 惠德比岛级船坞登陆舰。该结果为当前最高置信度候选。"", ""margin"": 0.6327, ""alternatives"": {""top_categories"": [{""label"": ""航空母舰"", ""confidence"": 0.728, ""score"": 29.258}, {""label"": ""登陆舰"", ""confidence"": 0.1991, ""score"": 8.0}, {""label"": ""两栖舰"", ""confidence"": 0.0729, ""score"": 2.931}], ""top_known_classes"": [{""label"": null, ""category"": ""航空母舰"", ""confidence"": 0.9258, ""score"": 24.9496, ""matched_evidence_count"": 0, ""conflict_count"": 0}, {""label"": null, ""category"": ""两栖舰"", ""confidence"": 0.2931, ""score"": 7.9, ""matched_evidence_count"": 0, ""conflict_count"": 0}, {""label"": null, ""category"": ""护卫舰"", ""confidence"": 0.0, ""score"": -2.6892, ""matched_evidence_count"": 0, ""conflict_count"": 0}]}}}","{""final_decision"": {""result_type"": ""known_class"", ""primary_category"": ""登陆舰"", ""primary_class"": ""惠德比岛级船坞登陆舰"", ""confidence"": 0.62, ""status"": ""single_best"", ""message"": ""最终判定：登陆舰 / 惠德比岛级船坞登陆舰。该结果为当前最高置信度候选。"", ""margin"": 0.6327, ""alternatives"": {""top_categories"": [{""label"": ""航空母舰"", ""confidence"": 0.728, ""score"": 29.258}, {""label"": ""登陆舰"", ""confidence"": 0.1991, ""score"": 8.0}, {""label"": ""两栖舰"", ""confidence"": 0.0729, ""score"": 2.931}], ""top_known_classes"": [{""label"": null, ""category"": ""航空母舰"", ""confidence"": 0.9258, ""score"": 24.9496, ""matched_evidence_count"": 0, ""conflict_count"": 0}, {""label"": null, ""category"": ""两栖舰"", ""confidence"": 0.2931, ""score"": 7.9, ""matched_evidence_count"": 0, ""conflict_count"": 0}, {""label"": null, ""category"": ""护卫舰"", ""confidence"": 0.0, ""score"": -2.6892, ""matched_evidence_count"": 0, ""conflict_count"": 0}]}}, ""category_result"": {""label"": ""登陆舰"", ""confidence"": 0.9258, ""status"": ""matched"", ""reason"": ""v12 后处理：原始文本对 惠德比岛级船坞登陆舰 存在强提示，纠正/补全已知舰级。""}, ""known_class_result"": {""label"": ""惠德比岛级船坞登陆舰"", ""category"": ""登陆舰"", ""confidence"": 0.62, ""score"": -3.9, ""known_status"": ""Known"", ""reason"": ""v12 后处理：原始文本对 惠德比岛级船坞登陆舰 存在强提示，纠正/补全已知舰级。""}, ""open_set_result"": {""is_unknown"": false, ""unknown_scope"": nul...",
known_ticonderoga_003,user_oral_description,medium,medium,巡洋舰,提康德罗加级导弹巡洋舰,False,驱逐舰,,True,False,这艘船不是航母，船头和船尾好像都有炮，中间上层建筑很多，能看到雷达阵面。甲板上有很多导弹发射井，后面只有直升机平台，没有贯通全舰的大甲板。,艉部直升机甲板,舰尾,无,0,无,0,1-2架直升机级,无,无,无或有限,无,无,无,无,无,无,未知,未知,未知,未知,未知,有,未知,未知,有,舰艏和舰艉,未知,有,未知,未知,未知,未知,未知,未知,未知,未知,未知,未知,未知,未知,未知,未知,未知,未知,未知,未知,未知,未知,未知,未知,,,,,,,未知,"{""pred_category"": ""驱逐舰"", ""pred_known_class"": ""阿利·伯克级驱逐舰"", ""pred_open_set"": false, ""pred_unknown_scope"": null, ""final_decision"": {""result_type"": ""known_class"", ""primary_category"": ""驱逐舰"", ""primary_class"": ""阿利·伯克级驱逐舰"", ""confidence"": 0.8185, ""status"": ""multiple_close_known_classes"", ""message"": ""最终判定：存在多个置信度接近的已知舰级候选，无法唯一确定具体已知舰级。""}}","{""final_decision"": {""result_type"": ""known_class"", ""primary_category"": ""驱逐舰"", ""primary_class"": ""阿利·伯克级驱逐舰"", ""confidence"": 0.8185, ""status"": ""multiple_close_known_classes"", ""message"": ""最终判定：存在多个置信度接近的已知舰级候选，无法唯一确定具体已知舰级。""}, ""category_result"": {""label"": ""驱逐舰"", ""confidence"": 0.8185, ""status"": ""matched"", ""reason"": ""已知舰级 阿利·伯克级驱逐舰 匹配度最高，因此大类继承为 驱逐舰。""}, ""known_class_result"": {""label"": ""阿利·伯克级驱逐舰"", ""category"": ""驱逐舰"", ""confidence"": 0.8185, ""score"": 20.7399, ""known_status"": ""Known"", ""reason"": ""该已知舰级原型匹配分达到阈值。""}, ""open_set_result"": {""is_unknown"": false, ""unknown_scope"": null, ""reason"": ""已匹配到已知舰级。""}, ""category_candidates"": [{""label"": ""驱逐舰"", ""score"": 11.485, ""confidence"": 0.3625}, {""label"": ""巡洋舰"", ""score"": 9.203, ""confidence"": 0.2905}, {""label"": ""护卫舰"", ""score"": 6.007, ""confidence"": 0.1896}, {""label"": ""航空母舰"", ""score"": 1.9, ""confidence"": 0.06}, {""label"": ""两栖舰"", ""score"": 1.669, ""confidence"": 0.0527}, {""label"": ""登陆舰"", ""score"": 1.421, ""confidence"": 0.0448}], ""known_class_candidates"": [{""label"": ""阿利·伯克级驱逐舰"", ""category"": ""驱逐舰"", ""confidence"": 0.8185, ""score"": 20.7399, ""matched_evidence_count"": 21, ""conflict_count"": 0}, {""label"": ""提康德罗加级导弹巡洋舰"", ""category"": ""巡洋舰"", ""confidence"": 0.7553, ""score"": 19.1399, ...",
known_ticonderoga_004,user_oral_description,medium,medium,巡洋舰,提康德罗加级导弹巡洋舰,False,航空母舰,尼米兹级航空母舰,False,False,我看到的军舰火力配置很重，前后都有发射区域，舰桥附近有方形雷达面，尾部可以停直升机。它没有弹射器，也不像登陆舰那样有舰尾开口或坞舱。,未知,未知,无,0,未知,未知,未知,未知,未知,未知,无,无,无,无,未知,未知,未知,未知,未知,未知,未知,有,未知,前后均有,未知,未知,未知,有,方形雷达面,未知,未知,未知,未知,未知,未知,未知,未知,未知,未知,未知,未知,未知,未知,未知,未知,未知,未知,未知,未知,未知,,,,,,,"火力配置很重,前后都有发射区域,舰桥附近有方形雷达面,尾部可以停直升机,没有弹射器,不像登陆舰那样有舰尾开口或坞舱","{""pred_category"": ""巡洋舰"", ""pred_known_class"": ""提康德罗加级导弹巡洋舰"", ""pred_open_set"": false, ""pred_unknown_scope"": null, ""final_decision"": {""result_type"": ""known_class"", ""primary_category"": ""巡洋舰"", ""primary_class"": ""提康德罗加级导弹巡洋舰"", ""confidence"": 0.5981, ""status"": ""multiple_close_known_classes"", ""message"": ""最终判定：存在多个置信度接近的已知舰级候选，无法唯一确定具体已知舰级。""}}","{""final_decision"": {""result_type"": ""known_class"", ""primary_category"": ""巡洋舰"", ""primary_class"": ""提康德罗加级导弹巡洋舰"", ""confidence"": 0.5981, ""status"": ""multiple_close_known_classes"", ""message"": ""最终判定：存在多个置信度接近的已知舰级候选，无法唯一确定具体已知舰级。""}, ""category_result"": {""label"": ""巡洋舰"", ""confidence"": 0.5, ""status"": ""matched"", ""reason"": ""原始文本中出现明确的巡洋舰类提示词，因此优先判定大类为巡洋舰。""}, ""known_class_result"": {""label"": ""提康德罗加级导弹巡洋舰"", ""category"": ""巡洋舰"", ""confidence"": 0.5981, ""score"": 8.9284, ""known_status"": ""Known"", ""reason"": ""该大类下仅有一个已知舰级，且未发现关键冲突，因此输出该已知舰级。""}, ""open_set_result"": {""is_unknown"": false, ""unknown_scope"": null, ""reason"": ""已匹配到已知舰级。""}, ""category_candidates"": [{""label"": ""巡洋舰"", ""score"": 13.981, ""confidence"": 0.4805}, {""label"": ""驱逐舰"", ""score"": 8.181, ""confidence"": 0.2811}, {""label"": ""护卫舰"", ""score"": 3.731, ""confidence"": 0.1282}, {""label"": ""航空母舰"", ""score"": 2.994, ""confidence"": 0.1029}, {""label"": ""两栖舰"", ""score"": 0.106, ""confidence"": 0.0036}, {""label"": ""登陆舰"", ""score"": 0.106, ""confidence"": 0.0036}], ""known_class_candidates"": [{""label"": ""提康德罗加级导弹巡洋舰"", ""category"": ""巡洋舰"", ""confidence"": 0.5981, ""score"": 8.9284, ""matched_evidence_count"": 8, ""conflict_count"": 0}, {""label"": ""阿利·伯克级驱逐舰"", ""category"": ""驱逐舰"", ""confidence"": 0.5981, ""...",
known_ticonderoga_005,vlm_style_description,medium,low,巡洋舰,提康德罗加级导弹巡洋舰,False,巡洋舰,,True,False,图像中舰艇为大型水面战斗舰，舰体中部为较高的传统上层建筑，前后甲板可见武器发射区域。舰艉有直升机甲板，未观察到全通飞行甲板和两栖坞舱结构。,艉部直升机甲板,舰尾,无,0,无,0,未知,无,无,未知,无,未知,无,无,未知,未知,未知,传统上层建筑,未知,未知,未知,未知,未知,未知,未知,未知,未知,未知,未知,未知,未知,未知,未知,未知,未知,未知,未知,未知,未知,未知,未知,未知,未知,未知,未知,未知,未知,未知,未知,未知,,,,,,,"大型水面战斗舰, 传统上层建筑, 武器发射区域, 直升机甲板","{""pred_category"": ""巡洋舰"", ""pred_known_class"": ""提康德罗加级导弹巡洋舰"", ""pred_open_set"": false, ""pred_unknown_scope"": null, ""final_decision"": {""result_type"": ""known_class"", ""primary_category"": ""巡洋舰"", ""primary_class"": ""提康德罗加级导弹巡洋舰"", ""confidence"": 0.55, ""status"": ""single_best"", ""message"": ""最终判定：巡洋舰 / 提康德罗加级导弹巡洋舰。该结果为当前最高置信度候选。"", ""margin"": 0.1085, ""alternatives"": {""top_categories"": [{""label"": ""巡洋舰"", ""confidence"": 0.3673, ""score"": 11.685}, {""label"": ""护卫舰"", ""confidence"": 0.1851, ""score"": 5.89}, {""label"": ""驱逐舰"", ""confidence"": 0.1627, ""score"": 5.175}], ""top_known_classes"": [{""label"": null, ""category"": ""驱逐舰"", ""confidence"": 0.5175, ""score"": 8.6861, ""matched_evidence_count"": 0, ""conflict_count"": 0}, {""label"": null, ""category"": ""护卫舰"", ""confidence"": 0.409, ""score"": 6.8661, ""matched_evidence_count"": 0, ""conflict_count"": 0}, {""label"": null, ""category"": ""巡洋舰"", ""confidence"": 0.3685, ""score"": 6.1862, ""matched_evidence_count"": 0, ""conflict_count"": 0}]}}}","{""final_decision"": {""result_type"": ""known_class"", ""primary_category"": ""巡洋舰"", ""primary_class"": ""提康德罗加级导弹巡洋舰"", ""confidence"": 0.55, ""status"": ""single_best"", ""message"": ""最终判定：巡洋舰 / 提康德罗加级导弹巡洋舰。该结果为当前最高置信度候选。"", ""margin"": 0.1085, ""alternatives"": {""top_categories"": [{""label"": ""巡洋舰"", ""confidence"": 0.3673, ""score"": 11.685}, {""label"": ""护卫舰"", ""confidence"": 0.1851, ""score"": 5.89}, {""label"": ""驱逐舰"", ""confidence"": 0.1627, ""score"": 5.175}], ""top_known_classes"": [{""label"": null, ""category"": ""驱逐舰"", ""confidence"": 0.5175, ""score"": 8.6861, ""matched_evidence_count"": 0, ""conflict_count"": 0}, {""label"": null, ""category"": ""护卫舰"", ""confidence"": 0.409, ""score"": 6.8661, ""matched_evidence_count"": 0, ""conflict_count"": 0}, {""label"": null, ""category"": ""巡洋舰"", ""confidence"": 0.3685, ""score"": 6.1862, ""matched_evidence_count"": 0, ""conflict_count"": 0}]}}, ""category_result"": {""label"": ""巡洋舰"", ""confidence"": 0.55, ""status"": ""matched"", ""reason"": ""v11 后处理：大类已判定为巡洋舰，且原始文本/单已知类约束支持输出 提康德罗加级导弹巡洋舰。""}, ""known_class_result"": {""label"": ""提康德罗加级导弹巡洋舰"", ""category"": ""巡洋舰"", ""confidence"": 0.55, ""score"": 6.1862, ""known_status"": ""Known"", ""reason"": ""v11 后处理：大类已判定为巡洋舰，且原始文本/单已知类约束支持输出 提康德罗加级导弹巡洋舰。""}, ""open_set_result"": {""is_unknown"": false, ""u...",
known_ticonderoga_008,missing_noisy_description,coarse,medium,巡洋舰,提康德罗加级导弹巡洋舰,False,驱逐舰,,True,False,这艘舰上层建筑比较复杂，能看到雷达和一些导弹发射区域，后面似乎有直升机平台。照片里没看清具体型号，也看不清是否有多少垂发单元。,未知,未知,未知,未知,未知,未知,未知,未知,未知,未知,未知,未知,未知,未知,未知,未知,未知,复杂,未知,未知,未知,不确定,不确定,不确定,未知,未知,未知,有,不确定,有,未知,未知,未知,未知,未知,未知,未知,未知,未知,未知,未知,未知,未知,未知,未知,未知,未知,未知,未知,未知,,,,,,,"上层建筑比较复杂,雷达,导弹发射区域,直升机平台","{""pred_category"": ""驱逐舰"", ""pred_known_class"": ""阿利·伯克级驱逐舰"", ""pred_open_set"": false, ""pred_unknown_scope"": null, ""final_decision"": {""result_type"": ""known_class"", ""primary_category"": ""驱逐舰"", ""primary_class"": ""阿利·伯克级驱逐舰"", ""confidence"": 0.55, ""status"": ""single_best"", ""message"": ""最终判定：驱逐舰 / 阿利·伯克级驱逐舰。该结果为当前最高置信度候选。"", ""margin"": 0.3529, ""alternatives"": {""top_categories"": [{""label"": ""驱逐舰"", ""confidence"": 0.8053, ""score"": 7.298}, {""label"": ""巡洋舰"", ""confidence"": 0.1731, ""score"": 1.569}, {""label"": ""航空母舰"", ""confidence"": 0.0216, ""score"": 0.196}], ""top_known_classes"": [{""label"": null, ""category"": ""驱逐舰"", ""confidence"": 0.5098, ""score"": 5.2, ""matched_evidence_count"": 0, ""conflict_count"": 0}, {""label"": null, ""category"": ""巡洋舰"", ""confidence"": 0.1569, ""score"": 1.6, ""matched_evidence_count"": 0, ""conflict_count"": 0}, {""label"": null, ""category"": ""航空母舰"", ""confidence"": 0.0196, ""score"": 0.2, ""matched_evidence_count"": 0, ""conflict_count"": 0}]}}}","{""final_decision"": {""result_type"": ""known_class"", ""primary_category"": ""驱逐舰"", ""primary_class"": ""阿利·伯克级驱逐舰"", ""confidence"": 0.55, ""status"": ""single_best"", ""message"": ""最终判定：驱逐舰 / 阿利·伯克级驱逐舰。该结果为当前最高置信度候选。"", ""margin"": 0.3529, ""alternatives"": {""top_categories"": [{""label"": ""驱逐舰"", ""confidence"": 0.8053, ""score"": 7.298}, {""label"": ""巡洋舰"", ""confidence"": 0.1731, ""score"": 1.569}, {""label"": ""航空母舰"", ""confidence"": 0.0216, ""score"": 0.196}], ""top_known_classes"": [{""label"": null, ""category"": ""驱逐舰"", ""confidence"": 0.5098, ""score"": 5.2, ""matched_evidence_count"": 0, ""conflict_count"": 0}, {""label"": null, ""category"": ""巡洋舰"", ""confidence"": 0.1569, ""score"": 1.6, ""matched_evidence_count"": 0, ""conflict_count"": 0}, {""label"": null, ""category"": ""航空母舰"", ""confidence"": 0.0196, ""score"": 0.2, ""matched_evidence_count"": 0, ""conflict_count"": 0}]}}, ""category_result"": {""label"": ""驱逐舰"", ""confidence"": 0.8053, ""status"": ""matched"", ""reason"": ""v11 后处理：大类已判定为驱逐舰，且原始文本/单已知类约束支持输出 阿利·伯克级驱逐舰。""}, ""known_class_result"": {""label"": ""阿利·伯克级驱逐舰"", ""category"": ""驱逐舰"", ""confidence"": 0.55, ""score"": 5.2, ""known_status"": ""Known"", ""reason"": ""v11 后处理：大类已判定为驱逐舰，且原始文本/单已知类约束支持输出 阿利·伯克级驱逐舰。""}, ""open_set_result"": {""is_unknown"": false, ""unknown_scope"": nu...",
known_arleigh_burke_001,standard_structure_description,detailed,low,驱逐舰,阿利·伯克级驱逐舰,False,驱逐舰,,True,False,该舰为导弹驱逐舰，采用单体船结构，舰艏有一门127mm级主炮，前后布置垂直发射系统，上层建筑为隐身化封闭式结构，配备四面固定相控阵雷达，舰尾有直升机甲板。,未知,舰尾,未知,未知,未知,未知,未知,未知,未知,未知,未知,未知,未知,未知,未知,未知,单体船,隐身化封闭式结构,未知,未知,未知,有,未知,前后布置,有,舰艏,127mm级,有,四面固定相控阵,未知,未知,未知,未知,未知,未知,未知,未知,未知,未知,未知,未知,未知,未知,未知,未知,未知,未知,未知,未知,未知,,,,,,,"导弹驱逐舰, 单体船, 127mm级主炮, 垂直发射系统, 隐身化封闭式结构, 四面固定相控阵雷达, 直升机甲板","{""pred_category"": ""驱逐舰"", ""pred_known_class"": null, ""pred_open_set"": true, ""pred_unknown_scope"": ""驱逐舰类别内未知类"", ""final_decision"": {""result_type"": ""category_unknown"", ""primary_category"": ""驱逐舰"", ""primary_class"": null, ""confidence"": 0.9351, ""status"": ""open_set_by_signature_conflict"", ""message"": ""最终判定：驱逐舰类别内未知类。v14 开放集修正：输入可判断为驱逐舰，但对唯一已知舰级 阿利·伯克级驱逐舰 的强匹配证据不足；为避免单已知类自动补全导致误识别，输出类别内未知类。""}}","{""final_decision"": {""result_type"": ""category_unknown"", ""primary_category"": ""驱逐舰"", ""primary_class"": null, ""confidence"": 0.9351, ""status"": ""open_set_by_signature_conflict"", ""message"": ""最终判定：驱逐舰类别内未知类。v14 开放集修正：输入可判断为驱逐舰，但对唯一已知舰级 阿利·伯克级驱逐舰 的强匹配证据不足；为避免单已知类自动补全导致误识别，输出类别内未知类。""}, ""category_result"": {""label"": ""驱逐舰"", ""confidence"": 0.9351, ""status"": ""matched"", ""reason"": ""v14 开放集修正：输入可判断为驱逐舰，但对唯一已知舰级 阿利·伯克级驱逐舰 的强匹配证据不足；为避免单已知类自动补全导致误识别，输出类别内未知类。""}, ""known_class_result"": null, ""open_set_result"": {""is_unknown"": true, ""unknown_scope"": ""驱逐舰类别内未知类"", ""reason"": ""v14 开放集修正：输入可判断为驱逐舰，但对唯一已知舰级 阿利·伯克级驱逐舰 的强匹配证据不足；为避免单已知类自动补全导致误识别，输出类别内未知类。""}, ""category_candidates"": [{""label"": ""驱逐舰"", ""score"": 24.801, ""confidence"": 0.6504}, {""label"": ""巡洋舰"", ""score"": 9.681, ""confidence"": 0.2539}, {""label"": ""两栖舰"", ""score"": 1.645, ""confidence"": 0.0431}, {""label"": ""护卫舰"", ""score"": 1.574, ""confidence"": 0.0413}, {""label"": ""航空母舰"", ""score"": 0.433, ""confidence"": 0.0114}, {""label"": ""登陆舰"", ""score"": 0.0, ""confidence"": 0.0}], ""known_class_candidates"": [{""label"": ""阿利·伯克级驱逐舰"", ""category"": ""驱逐舰"", ""confidence"": 0.9351, ""score"": 21.6, ""matched_evidence_count"": 10, ""conflict_count"": 0}, {""label"": ""提康德罗加级导弹巡洋舰"", ""category"": ""巡洋舰"", ""confiden...",
known_arleigh_burke_002,standard_structure_description,detailed,low,驱逐舰,阿利·伯克级驱逐舰,False,驱逐舰,,True,False,这艘舰的主要特征是宙斯盾系统、舰艏主炮、前后垂发阵列和隐身化上层建筑。它没有全通飞行甲板、弹射器、拦阻索和坞舱，主要执行防空、反潜和对海作战任务。,无全通飞行甲板,未知,无,0,无,0,未知,未知,未知,未知,无,未知,未知,未知,未知,未知,未知,隐身化上层建筑,未知,未知,未知,有,未知,前后均有,有,舰艏,未知,有,未知,未知,未知,区域防空,有,有,未知,未知,未知,未知,未知,未知,未知,未知,未知,未知,未知,未知,未知,未知,未知,未知,宙斯盾战斗系统,,,,,,"宙斯盾系统,舰艏主炮,前后垂发阵列,隐身化上层建筑,防空,反潜,对海作战","{""pred_category"": ""航空母舰"", ""pred_known_class"": null, ""pred_open_set"": true, ""pred_unknown_scope"": ""航空母舰类别内未知类"", ""final_decision"": {""result_type"": ""category_unknown"", ""primary_category"": ""航空母舰"", ""primary_class"": null, ""confidence"": 0.6326, ""status"": ""open_set_by_signature_conflict"", ""message"": ""最终判定：航空母舰类别内未知类。v14 开放集修正：输入更强地指向航空母舰，而不是当前预测的驱逐舰/阿利·伯克级驱逐舰；当前已知类强匹配特征不足，因此输出类别内未知类。""}}","{""final_decision"": {""result_type"": ""category_unknown"", ""primary_category"": ""航空母舰"", ""primary_class"": null, ""confidence"": 0.6326, ""status"": ""open_set_by_signature_conflict"", ""message"": ""最终判定：航空母舰类别内未知类。v14 开放集修正：输入更强地指向航空母舰，而不是当前预测的驱逐舰/阿利·伯克级驱逐舰；当前已知类强匹配特征不足，因此输出类别内未知类。""}, ""category_result"": {""label"": ""航空母舰"", ""confidence"": 0.6326, ""status"": ""matched"", ""reason"": ""v14 开放集修正：输入更强地指向航空母舰，而不是当前预测的驱逐舰/阿利·伯克级驱逐舰；当前已知类强匹配特征不足，因此输出类别内未知类。""}, ""known_class_result"": null, ""open_set_result"": {""is_unknown"": true, ""unknown_scope"": ""航空母舰类别内未知类"", ""reason"": ""v14 开放集修正：输入更强地指向航空母舰，而不是当前预测的驱逐舰/阿利·伯克级驱逐舰；当前已知类强匹配特征不足，因此输出类别内未知类。""}, ""category_candidates"": [{""label"": ""巡洋舰"", ""score"": 9.838, ""confidence"": 0.3332}, {""label"": ""驱逐舰"", ""score"": 8.876, ""confidence"": 0.3006}, {""label"": ""护卫舰"", ""score"": 4.465, ""confidence"": 0.1512}, {""label"": ""航空母舰"", ""score"": 3.932, ""confidence"": 0.1332}, {""label"": ""两栖舰"", ""score"": 2.413, ""confidence"": 0.0817}, {""label"": ""登陆舰"", ""score"": 0.0, ""confidence"": 0.0}], ""known_class_candidates"": [{""label"": ""阿利·伯克级驱逐舰"", ""category"": ""驱逐舰"", ""confidence"": 0.6326, ""score"": 17.5603, ""matched_evidence_count"": 15, ""conflict_count"": 1}, {""label"": ""提康德罗加级导弹巡洋舰"", ""category"": ""巡洋舰"", ""confidence"": 0.5713,...",
known_arleigh_burke_003,user_oral_description,medium,medium,驱逐舰,阿利·伯克级驱逐舰,False,驱逐舰,,True,False,这艘船看起来像导弹驱逐舰，船头有一门大炮，舰桥上有几块平面的雷达板，前后甲板有导弹发射井。后面能停直升机，但没有航母那种长甲板。,艉部直升机甲板,舰尾,无,0,无,0,少量直升机,无,无,未知,未知,未知,未知,未知,未知,未知,未知,未知,未知,未知,未知,有,未知,前后均有,有,舰艏,未知,有,四面固定相控阵,未知,未知,未知,未知,未知,未知,未知,未知,未知,未知,未知,未知,未知,未知,未知,未知,未知,未知,未知,未知,未知,,,,,,,"导弹驱逐舰, 船头大炮, 平面雷达板, 导弹发射井, 直升机甲板","{""pred_category"": ""驱逐舰"", ""pred_known_class"": null, ""pred_open_set"": true, ""pred_unknown_scope"": ""驱逐舰类别内未知类"", ""final_decision"": {""result_type"": ""category_unknown"", ""primary_category"": ""驱逐舰"", ""primary_class"": null, ""confidence"": 0.9321, ""status"": ""open_set_by_signature_conflict"", ""message"": ""最终判定：驱逐舰类别内未知类。v14 开放集修正：输入可判断为驱逐舰，但对唯一已知舰级 阿利·伯克级驱逐舰 的强匹配证据不足；为避免单已知类自动补全导致误识别，输出类别内未知类。""}}","{""final_decision"": {""result_type"": ""category_unknown"", ""primary_category"": ""驱逐舰"", ""primary_class"": null, ""confidence"": 0.9321, ""status"": ""open_set_by_signature_conflict"", ""message"": ""最终判定：驱逐舰类别内未知类。v14 开放集修正：输入可判断为驱逐舰，但对唯一已知舰级 阿利·伯克级驱逐舰 的强匹配证据不足；为避免单已知类自动补全导致误识别，输出类别内未知类。""}, ""category_result"": {""label"": ""驱逐舰"", ""confidence"": 0.9321, ""status"": ""matched"", ""reason"": ""v14 开放集修正：输入可判断为驱逐舰，但对唯一已知舰级 阿利·伯克级驱逐舰 的强匹配证据不足；为避免单已知类自动补全导致误识别，输出类别内未知类。""}, ""known_class_result"": null, ""open_set_result"": {""is_unknown"": true, ""unknown_scope"": ""驱逐舰类别内未知类"", ""reason"": ""v14 开放集修正：输入可判断为驱逐舰，但对唯一已知舰级 阿利·伯克级驱逐舰 的强匹配证据不足；为避免单已知类自动补全导致误识别，输出类别内未知类。""}, ""category_candidates"": [{""label"": ""驱逐舰"", ""score"": 21.721, ""confidence"": 0.5032}, {""label"": ""巡洋舰"", ""score"": 11.946, ""confidence"": 0.2768}, {""label"": ""护卫舰"", ""score"": 5.33, ""confidence"": 0.1235}, {""label"": ""两栖舰"", ""score"": 2.775, ""confidence"": 0.0643}, {""label"": ""登陆舰"", ""score"": 1.392, ""confidence"": 0.0322}, {""label"": ""航空母舰"", ""score"": 0.0, ""confidence"": 0.0}], ""known_class_candidates"": [{""label"": ""提康德罗加级导弹巡洋舰"", ""category"": ""巡洋舰"", ""confidence"": 0.9321, ""score"": 20.6003, ""matched_evidence_count"": 17, ""conflict_count"": 0}, {""label"": ""阿利·伯克级驱逐舰"", ""category"": ""驱逐舰"", ""confi...",
known_arleigh_burke_004,user_oral_description,medium,medium,驱逐舰,阿利·伯克级驱逐舰,False,驱逐舰,,True,False,我看到一艘比较现代化的军舰，外形有点隐身，前面有炮，中间和后面好像有垂直发射装置。它不像两栖舰，没有尾门和坞舱，也不像航母，没有弹射器。,未知,未知,无,0,未知,未知,未知,未知,未知,未知,无,无,无,无,未知,未知,未知,隐身化封闭式上层建筑,未知,未知,强隐身化外形,有,未知,中部和舰艉,有,舰艏,未知,未知,未知,未知,未知,未知,未知,未知,无,无,未知,未知,未知,未知,未知,未知,未知,未知,未知,未知,未知,未知,未知,未知,,,,,,,"现代化军舰,隐身,前面有炮,垂直发射装置,不像两栖舰,没有尾门和坞舱,不像航母,没有弹射器","{""pred_category"": ""航空母舰"", ""pred_known_class"": null, ""pred_open_set"": true, ""pred_unknown_scope"": ""航空母舰类别内未知类"", ""final_decision"": {""result_type"": ""category_unknown"", ""primary_category"": ""航空母舰"", ""primary_class"": null, ""confidence"": 0.7246, ""status"": ""open_set_by_signature_conflict"", ""message"": ""最终判定：航空母舰类别内未知类。v14 开放集修正：输入更强地指向航空母舰，而不是当前预测的驱逐舰/阿利·伯克级驱逐舰；当前已知类强匹配特征不足，因此输出类别内未知类。""}}","{""final_decision"": {""result_type"": ""category_unknown"", ""primary_category"": ""航空母舰"", ""primary_class"": null, ""confidence"": 0.7246, ""status"": ""open_set_by_signature_conflict"", ""message"": ""最终判定：航空母舰类别内未知类。v14 开放集修正：输入更强地指向航空母舰，而不是当前预测的驱逐舰/阿利·伯克级驱逐舰；当前已知类强匹配特征不足，因此输出类别内未知类。""}, ""category_result"": {""label"": ""航空母舰"", ""confidence"": 0.7246, ""status"": ""matched"", ""reason"": ""v14 开放集修正：输入更强地指向航空母舰，而不是当前预测的驱逐舰/阿利·伯克级驱逐舰；当前已知类强匹配特征不足，因此输出类别内未知类。""}, ""known_class_result"": null, ""open_set_result"": {""is_unknown"": true, ""unknown_scope"": ""航空母舰类别内未知类"", ""reason"": ""v14 开放集修正：输入更强地指向航空母舰，而不是当前预测的驱逐舰/阿利·伯克级驱逐舰；当前已知类强匹配特征不足，因此输出类别内未知类。""}, ""category_candidates"": [{""label"": ""驱逐舰"", ""score"": 7.596, ""confidence"": 0.3135}, {""label"": ""护卫舰"", ""score"": 5.405, ""confidence"": 0.2231}, {""label"": ""巡洋舰"", ""score"": 5.118, ""confidence"": 0.2113}, {""label"": ""航空母舰"", ""score"": 3.412, ""confidence"": 0.1408}, {""label"": ""两栖舰"", ""score"": 2.695, ""confidence"": 0.1112}, {""label"": ""登陆舰"", ""score"": 0.0, ""confidence"": 0.0}], ""known_class_candidates"": [{""label"": ""阿利·伯克级驱逐舰"", ""category"": ""驱逐舰"", ""confidence"": 0.7246, ""score"": 14.4734, ""matched_evidence_count"": 13, ""conflict_count"": 0}, {""label"": ""独立级濒海战斗舰"", ""category"": ""护卫舰"", ""confidence"": 0.5405, ""s...",
known_arleigh_burke_005,vlm_style_description,detailed,low,驱逐舰,阿利·伯克级驱逐舰,False,驱逐舰,,True,False,图中舰船为现代单体水面战斗舰，前部有舰炮，舰体前后区域存在垂发阵列，上层建筑外壁倾斜并带有固定雷达阵面。舰尾区域为直升机甲板。,艉部直升机甲板,舰尾,无,0,无,0,未知,无,无,未知,未知,未知,未知,未知,未知,未知,单体船,隐身化封闭式上层建筑,未知,未知,强隐身化外形,有,未知,舰体前后区域,有,前部,未知,有,四面固定相控阵,未知,未知,未知,未知,未知,未知,未知,未知,未知,未知,未知,未知,未知,未知,未知,未知,未知,未知,未知,未知,未知,,,,,,,"现代单体水面战斗舰,舰炮,垂发阵列,固定雷达阵面,直升机甲板","{""pred_category"": ""驱逐舰"", ""pred_known_class"": ""阿利·伯克级驱逐舰"", ""pred_open_set"": false, ""pred_unknown_scope"": null, ""final_decision"": {""result_type"": ""known_class"", ""primary_category"": ""驱逐舰"", ""primary_class"": ""阿利·伯克级驱逐舰"", ""confidence"": 0.8766, ""status"": ""single_best"", ""message"": ""最终判定：驱逐舰 / 阿利·伯克级驱逐舰。该结果为当前最高置信度候选。"", ""margin"": 0.2181, ""alternatives"": {""top_categories"": [{""label"": ""驱逐舰"", ""confidence"": 0.4328, ""score"": 13.766}, {""label"": ""巡洋舰"", ""confidence"": 0.2731, ""score"": 8.685}, {""label"": ""护卫舰"", ""confidence"": 0.1466, ""score"": 4.662}], ""top_known_classes"": [{""label"": null, ""category"": ""驱逐舰"", ""confidence"": 0.8766, ""score"": 21.3053, ""matched_evidence_count"": 0, ""conflict_count"": 0}, {""label"": null, ""category"": ""巡洋舰"", ""confidence"": 0.6585, ""score"": 16.0053, ""matched_evidence_count"": 0, ""conflict_count"": 0}, {""label"": null, ""category"": ""两栖舰"", ""confidence"": 0.3132, ""score"": 7.6128, ""matched_evidence_count"": 0, ""conflict_count"": 0}]}}}","{""final_decision"": {""result_type"": ""known_class"", ""primary_category"": ""驱逐舰"", ""primary_class"": ""阿利·伯克级驱逐舰"", ""confidence"": 0.8766, ""status"": ""single_best"", ""message"": ""最终判定：驱逐舰 / 阿利·伯克级驱逐舰。该结果为当前最高置信度候选。"", ""margin"": 0.2181, ""alternatives"": {""top_categories"": [{""label"": ""驱逐舰"", ""confidence"": 0.4328, ""score"": 13.766}, {""label"": ""巡洋舰"", ""confidence"": 0.2731, ""score"": 8.685}, {""label"": ""护卫舰"", ""confidence"": 0.1466, ""score"": 4.662}], ""top_known_classes"": [{""label"": null, ""category"": ""驱逐舰"", ""confidence"": 0.8766, ""score"": 21.3053, ""matched_evidence_count"": 0, ""conflict_count"": 0}, {""label"": null, ""category"": ""巡洋舰"", ""confidence"": 0.6585, ""score"": 16.0053, ""matched_evidence_count"": 0, ""conflict_count"": 0}, {""label"": null, ""category"": ""两栖舰"", ""confidence"": 0.3132, ""score"": 7.6128, ""matched_evidence_count"": 0, ""conflict_count"": 0}]}}, ""category_result"": {""label"": ""驱逐舰"", ""confidence"": 0.8766, ""status"": ""matched"", ""reason"": ""已知舰级 阿利·伯克级驱逐舰 匹配度最高，因此大类继承为 驱逐舰。""}, ""known_class_result"": {""label"": ""阿利·伯克级驱逐舰"", ""category"": ""驱逐舰"", ""confidence"": 0.8766, ""score"": 21.3053, ""known_status"": ""Known"", ""reason"": ""该已知舰级原型匹配分达到阈值。""}, ""open_set_result"": {""is_unknown"": false, ""unknown_scope"": null, ""reason"": ""已匹配到已知舰级。...",
known_arleigh_burke_006,vlm_style_description,medium,low,驱逐舰,阿利·伯克级驱逐舰,False,驱逐舰,,True,False,图像显示该舰具有隐身化封闭式上层建筑，舰艏处有主炮，舰尾存在直升机起降区域。未见坞舱、艉门或大型航空甲板，武器传感器特征较突出。,艉部直升机甲板,舰尾,无,0,无,0,未知,无,无,未知,无,无,无,无,未知,未知,未知,隐身化封闭式上层建筑,未知,未知,未知,未知,未知,未知,有,舰艏,未知,未知,未知,未知,未知,未知,未知,未知,无,无,未知,未知,未知,未知,未知,未知,未知,未知,未知,未知,未知,未知,未知,未知,,,,,,,"隐身化封闭式上层建筑,舰艏主炮,舰尾直升机起降区域,武器传感器特征","{""pred_category"": ""驱逐舰"", ""pred_known_class"": ""阿利·伯克级驱逐舰"", ""pred_open_set"": false, ""pred_unknown_scope"": null, ""final_decision"": {""result_type"": ""known_class"", ""primary_category"": ""驱逐舰"", ""primary_class"": ""阿利·伯克级驱逐舰"", ""confidence"": 0.9043, ""status"": ""single_best"", ""message"": ""最终判定：驱逐舰 / 阿利·伯克级驱逐舰。该结果为当前最高置信度候选。"", ""margin"": 0.426, ""alternatives"": {""top_categories"": [{""label"": ""驱逐舰"", ""confidence"": 0.3333, ""score"": 9.393}, {""label"": ""护卫舰"", ""confidence"": 0.2272, ""score"": 6.402}, {""label"": ""巡洋舰"", ""confidence"": 0.1884, ""score"": 5.308}], ""top_known_classes"": [{""label"": null, ""category"": ""驱逐舰"", ""confidence"": 0.9043, ""score"": 18.8949, ""matched_evidence_count"": 0, ""conflict_count"": 0}, {""label"": null, ""category"": ""巡洋舰"", ""confidence"": 0.4783, ""score"": 9.9949, ""matched_evidence_count"": 0, ""conflict_count"": 0}, {""label"": null, ""category"": ""护卫舰"", ""confidence"": 0.4602, ""score"": 9.6162, ""matched_evidence_count"": 0, ""conflict_count"": 0}]}}}","{""final_decision"": {""result_type"": ""known_class"", ""primary_category"": ""驱逐舰"", ""primary_class"": ""阿利·伯克级驱逐舰"", ""confidence"": 0.9043, ""status"": ""single_best"", ""message"": ""最终判定：驱逐舰 / 阿利·伯克级驱逐舰。该结果为当前最高置信度候选。"", ""margin"": 0.426, ""alternatives"": {""top_categories"": [{""label"": ""驱逐舰"", ""confidence"": 0.3333, ""score"": 9.393}, {""label"": ""护卫舰"", ""confidence"": 0.2272, ""score"": 6.402}, {""label"": ""巡洋舰"", ""confidence"": 0.1884, ""score"": 5.308}], ""top_known_classes"": [{""label"": null, ""category"": ""驱逐舰"", ""confidence"": 0.9043, ""score"": 18.8949, ""matched_evidence_count"": 0, ""conflict_count"": 0}, {""label"": null, ""category"": ""巡洋舰"", ""confidence"": 0.4783, ""score"": 9.9949, ""matched_evidence_count"": 0, ""conflict_count"": 0}, {""label"": null, ""category"": ""护卫舰"", ""confidence"": 0.4602, ""score"": 9.6162, ""matched_evidence_count"": 0, ""conflict_count"": 0}]}}, ""category_result"": {""label"": ""驱逐舰"", ""confidence"": 0.9043, ""status"": ""matched"", ""reason"": ""已知舰级 阿利·伯克级驱逐舰 匹配度最高，因此大类继承为 驱逐舰。""}, ""known_class_result"": {""label"": ""阿利·伯克级驱逐舰"", ""category"": ""驱逐舰"", ""confidence"": 0.9043, ""score"": 18.8949, ""known_status"": ""Known"", ""reason"": ""该已知舰级原型匹配分达到阈值。""}, ""open_set_result"": {""is_unknown"": false, ""unknown_scope"": null, ""reason"": ""已匹配到已知舰级。""},...",
known_arleigh_burke_007,parameter_text_description,detailed,low,驱逐舰,阿利·伯克级驱逐舰,False,驱逐舰,,True,False,该舰满载排水量约8000至10000吨级，采用燃气轮机动力，配备宙斯盾作战系统、相控阵雷达、Mk 41垂直发射系统和舰艏主炮，是典型多用途导弹驱逐舰。,未知,未知,未知,未知,未知,未知,未知,未知,未知,未知,未知,未知,未知,未知,未知,未知,未知,未知,未知,未知,未知,有,未知,未知,有,舰艏,未知,有,未知,未知,未知,未知,未知,未知,未知,未知,未知,未知,未知,未知,未知,8000至10000吨级,未知,未知,未知,未知,未知,未知,燃气轮机动力,未知,,宙斯盾作战系统,Mk 41垂直发射系统,,,,未知,"{""pred_category"": ""驱逐舰"", ""pred_known_class"": null, ""pred_open_set"": true, ""pred_unknown_scope"": ""驱逐舰类别内未知类"", ""final_decision"": {""result_type"": ""category_unknown"", ""primary_category"": ""驱逐舰"", ""primary_class"": null, ""confidence"": 0.7744, ""status"": ""open_set_by_signature_conflict"", ""message"": ""最终判定：驱逐舰类别内未知类。v17 真实未知类纠偏：当前结果拟匹配 阿利·伯克级驱逐舰，但输入的非否定显式类别/真实结构特征更符合驱逐舰类别内未知，证据包括 导弹驱逐舰, 驱逐舰, 导弹驱逐舰, 驱逐舰。""}}","{""final_decision"": {""result_type"": ""category_unknown"", ""primary_category"": ""驱逐舰"", ""primary_class"": null, ""confidence"": 0.7744, ""status"": ""open_set_by_signature_conflict"", ""message"": ""最终判定：驱逐舰类别内未知类。v17 真实未知类纠偏：当前结果拟匹配 阿利·伯克级驱逐舰，但输入的非否定显式类别/真实结构特征更符合驱逐舰类别内未知，证据包括 导弹驱逐舰, 驱逐舰, 导弹驱逐舰, 驱逐舰。""}, ""category_result"": {""label"": ""驱逐舰"", ""confidence"": 0.7744, ""status"": ""matched"", ""reason"": ""v17 真实未知类纠偏：当前结果拟匹配 阿利·伯克级驱逐舰，但输入的非否定显式类别/真实结构特征更符合驱逐舰类别内未知，证据包括 导弹驱逐舰, 驱逐舰, 导弹驱逐舰, 驱逐舰。""}, ""known_class_result"": null, ""open_set_result"": {""is_unknown"": true, ""unknown_scope"": ""驱逐舰类别内未知类"", ""reason"": ""v17 真实未知类纠偏：当前结果拟匹配 阿利·伯克级驱逐舰，但输入的非否定显式类别/真实结构特征更符合驱逐舰类别内未知，证据包括 导弹驱逐舰, 驱逐舰, 导弹驱逐舰, 驱逐舰。""}, ""category_candidates"": [{""label"": ""驱逐舰"", ""score"": 18.294, ""confidence"": 0.5868}, {""label"": ""巡洋舰"", ""score"": 8.269, ""confidence"": 0.2652}, {""label"": ""护卫舰"", ""score"": 3.333, ""confidence"": 0.1069}, {""label"": ""航空母舰"", ""score"": 1.282, ""confidence"": 0.0411}, {""label"": ""两栖舰"", ""score"": 0.0, ""confidence"": 0.0}, {""label"": ""登陆舰"", ""score"": 0.0, ""confidence"": 0.0}], ""known_class_candidates"": [{""label"": ""提康德罗加级导弹巡洋舰"", ""category"": ""巡洋舰"", ""confidence"": 0.7744, ""score"": 7.55, ""matched_evidence_count"": 5, ""conflict_count"": 0}, {""label"": ""阿利·伯...",
known_arleigh_burke_008,missing_noisy_description,coarse,medium,驱逐舰,阿利·伯克级驱逐舰,False,驱逐舰,,True,False,只能看到船头有炮，上层建筑外形比较方正并有倾斜面，后部像是直升机甲板。垂发区域不太清楚，但整体不像航母或两栖登陆舰。,艉部直升机甲板,舰尾,无,0,无,0,未知,无,无,未知,无,未知,无,无,未知,未知,未知,隐身化封闭式上层建筑,未知,未知,强隐身化外形,不确定,不确定,不确定,有,舰艏,未知,未知,未知,未知,未知,未知,未知,未知,无,无,未知,未知,未知,未知,未知,未知,未知,未知,未知,未知,未知,未知,未知,未知,,,,,,,未知,"{""pred_category"": ""驱逐舰"", ""pred_known_class"": ""阿利·伯克级驱逐舰"", ""pred_open_set"": false, ""pred_unknown_scope"": null, ""final_decision"": {""result_type"": ""known_class"", ""primary_category"": ""驱逐舰"", ""primary_class"": ""阿利·伯克级驱逐舰"", ""confidence"": 0.8831, ""status"": ""single_best"", ""message"": ""最终判定：驱逐舰 / 阿利·伯克级驱逐舰。该结果为当前最高置信度候选。"", ""margin"": 0.27, ""alternatives"": {""top_categories"": [{""label"": ""驱逐舰"", ""confidence"": 0.2844, ""score"": 9.181}, {""label"": ""护卫舰"", ""confidence"": 0.2457, ""score"": 7.931}, {""label"": ""巡洋舰"", ""confidence"": 0.1939, ""score"": 6.259}], ""top_known_classes"": [{""label"": null, ""category"": ""驱逐舰"", ""confidence"": 0.8831, ""score"": 15.1111, ""matched_evidence_count"": 0, ""conflict_count"": 0}, {""label"": null, ""category"": ""护卫舰"", ""confidence"": 0.6131, ""score"": 10.4912, ""matched_evidence_count"": 0, ""conflict_count"": 0}, {""label"": null, ""category"": ""巡洋舰"", ""confidence"": 0.5734, ""score"": 9.8112, ""matched_evidence_count"": 0, ""conflict_count"": 0}]}}}","{""final_decision"": {""result_type"": ""known_class"", ""primary_category"": ""驱逐舰"", ""primary_class"": ""阿利·伯克级驱逐舰"", ""confidence"": 0.8831, ""status"": ""single_best"", ""message"": ""最终判定：驱逐舰 / 阿利·伯克级驱逐舰。该结果为当前最高置信度候选。"", ""margin"": 0.27, ""alternatives"": {""top_categories"": [{""label"": ""驱逐舰"", ""confidence"": 0.2844, ""score"": 9.181}, {""label"": ""护卫舰"", ""confidence"": 0.2457, ""score"": 7.931}, {""label"": ""巡洋舰"", ""confidence"": 0.1939, ""score"": 6.259}], ""top_known_classes"": [{""label"": null, ""category"": ""驱逐舰"", ""confidence"": 0.8831, ""score"": 15.1111, ""matched_evidence_count"": 0, ""conflict_count"": 0}, {""label"": null, ""category"": ""护卫舰"", ""confidence"": 0.6131, ""score"": 10.4912, ""matched_evidence_count"": 0, ""conflict_count"": 0}, {""label"": null, ""category"": ""巡洋舰"", ""confidence"": 0.5734, ""score"": 9.8112, ""matched_evidence_count"": 0, ""conflict_count"": 0}]}}, ""category_result"": {""label"": ""驱逐舰"", ""confidence"": 0.8831, ""status"": ""matched"", ""reason"": ""已知舰级 阿利·伯克级驱逐舰 匹配度最高，因此大类继承为 驱逐舰。""}, ""known_class_result"": {""label"": ""阿利·伯克级驱逐舰"", ""category"": ""驱逐舰"", ""confidence"": 0.8831, ""score"": 15.1111, ""known_status"": ""Known"", ""reason"": ""该已知舰级原型匹配分达到阈值。""}, ""open_set_result"": {""is_unknown"": false, ""unknown_scope"": null, ""reason"": ""已匹配到已知舰级。""},...",
known_independence_005,vlm_style_description,detailed,low,护卫舰,独立级濒海战斗舰,False,护卫舰,,True,False,图中舰船整体低矮，船体呈多体结构特征。前部可见封闭式上层建筑，舰尾区域为大型开放式直升机甲板。舰艏处可见一门主炮，未观察到大型全通飞行甲板或坞舱结构。,大型开放式直升机甲板,舰尾,无,0,无,0,未知,无,未知,未知,无,未知,无,无,未知,未知,多体结构,封闭式上层建筑,未知,未知,低矮,未知,未知,未知,有,舰艏,未知,未知,未知,未知,未知,未知,未知,未知,未知,未知,未知,未知,未知,未知,未知,未知,未知,未知,未知,未知,未知,未知,未知,未知,,,,,,,"低矮, 多体结构, 封闭式上层建筑, 大型开放式直升机甲板, 主炮","{""pred_category"": ""护卫舰"", ""pred_known_class"": ""独立级濒海战斗舰"", ""pred_open_set"": false, ""pred_unknown_scope"": null, ""final_decision"": {""result_type"": ""known_class"", ""primary_category"": ""护卫舰"", ""primary_class"": ""独立级濒海战斗舰"", ""confidence"": 0.55, ""status"": ""multiple_close_known_classes"", ""message"": ""最终判定：存在多个置信度接近的已知舰级候选，无法唯一确定具体已知舰级。""}}","{""final_decision"": {""result_type"": ""known_class"", ""primary_category"": ""护卫舰"", ""primary_class"": ""独立级濒海战斗舰"", ""confidence"": 0.55, ""status"": ""multiple_close_known_classes"", ""message"": ""最终判定：存在多个置信度接近的已知舰级候选，无法唯一确定具体已知舰级。""}, ""category_result"": {""label"": ""护卫舰"", ""confidence"": 0.55, ""status"": ""matched"", ""reason"": ""v11 后处理：大类已判定为护卫舰，且原始文本/单已知类约束支持输出 独立级濒海战斗舰。""}, ""known_class_result"": {""label"": ""独立级濒海战斗舰"", ""category"": ""护卫舰"", ""confidence"": 0.55, ""score"": 3.1237, ""known_status"": ""Known"", ""reason"": ""v11 后处理：大类已判定为护卫舰，且原始文本/单已知类约束支持输出 独立级濒海战斗舰。""}, ""open_set_result"": {""is_unknown"": false, ""unknown_scope"": null, ""reason"": ""原始文本与已知舰级存在足够强的类别/舰级提示，取消开放集输出。""}, ""category_candidates"": [{""label"": ""护卫舰"", ""score"": 3.778, ""confidence"": 0.549}, {""label"": ""驱逐舰"", ""score"": 2.056, ""confidence"": 0.2988}, {""label"": ""巡洋舰"", ""score"": 0.525, ""confidence"": 0.0763}, {""label"": ""登陆舰"", ""score"": 0.523, ""confidence"": 0.076}, {""label"": ""航空母舰"", ""score"": 0.0, ""confidence"": 0.0}, {""label"": ""两栖舰"", ""score"": 0.0, ""confidence"": 0.0}], ""known_class_candidates"": [{""label"": ""阿利·伯克级驱逐舰"", ""category"": ""驱逐舰"", ""confidence"": 0.1706, ""score"": 4.5236, ""matched_evidence_count"": 13, ""conflict_count"": 3}, {""label"": ""独立级濒海战斗舰"", ""category"": ""护卫舰"", ...",
known_independence_008,missing_noisy_description,coarse,medium,护卫舰,独立级濒海战斗舰,False,驱逐舰,,True,False,只看得出这艘舰比较低矮，后面有直升机平台，船体好像比较宽，可能不是普通单体船。船头似乎有炮，其他装备看不清楚。,艉部直升机甲板,舰尾,无,0,无,0,1-2架直升机级,无,无,无机库但有直升机平台,未知,未知,未知,未知,未知,未知,不确定,低矮隐身化上层建筑,未知,未知,低矮隐身化外形,未知,未知,未知,有,舰艏,未知,未知,未知,未知,未知,未知,未知,未知,未知,未知,未知,未知,未知,未知,不确定,未知,未知,未知,未知,未知,未知,未知,未知,未知,,,,,,,"低矮,直升机平台,船体宽,船头有炮","{""pred_category"": ""驱逐舰"", ""pred_known_class"": null, ""pred_open_set"": true, ""pred_unknown_scope"": ""驱逐舰类别内未知类"", ""final_decision"": {""result_type"": ""category_unknown"", ""primary_category"": ""驱逐舰"", ""primary_class"": null, ""confidence"": 1.0, ""status"": ""open_set_by_signature_conflict"", ""message"": ""最终判定：驱逐舰类别内未知类。v14 开放集修正：当前结果拟匹配 阿利·伯克级驱逐舰，但输入出现与该已知舰级冲突的强特征，如 无机库, 无机库但有直升机平台；因此不再强行补已知类。""}}","{""final_decision"": {""result_type"": ""category_unknown"", ""primary_category"": ""驱逐舰"", ""primary_class"": null, ""confidence"": 1.0, ""status"": ""open_set_by_signature_conflict"", ""message"": ""最终判定：驱逐舰类别内未知类。v14 开放集修正：当前结果拟匹配 阿利·伯克级驱逐舰，但输入出现与该已知舰级冲突的强特征，如 无机库, 无机库但有直升机平台；因此不再强行补已知类。""}, ""category_result"": {""label"": ""驱逐舰"", ""confidence"": 1.0, ""status"": ""matched"", ""reason"": ""v14 开放集修正：当前结果拟匹配 阿利·伯克级驱逐舰，但输入出现与该已知舰级冲突的强特征，如 无机库, 无机库但有直升机平台；因此不再强行补已知类。""}, ""known_class_result"": null, ""open_set_result"": {""is_unknown"": true, ""unknown_scope"": ""驱逐舰类别内未知类"", ""reason"": ""v14 开放集修正：当前结果拟匹配 阿利·伯克级驱逐舰，但输入出现与该已知舰级冲突的强特征，如 无机库, 无机库但有直升机平台；因此不再强行补已知类。""}, ""category_candidates"": [{""label"": ""护卫舰"", ""score"": 13.246, ""confidence"": 0.3843}, {""label"": ""驱逐舰"", ""score"": 10.35, ""confidence"": 0.3003}, {""label"": ""两栖舰"", ""score"": 6.6, ""confidence"": 0.1915}, {""label"": ""巡洋舰"", ""score"": 2.544, ""confidence"": 0.0738}, {""label"": ""登陆舰"", ""score"": 1.727, ""confidence"": 0.0501}, {""label"": ""航空母舰"", ""score"": 0.0, ""confidence"": 0.0}], ""known_class_candidates"": [{""label"": ""阿利·伯克级驱逐舰"", ""category"": ""驱逐舰"", ""confidence"": 1.0, ""score"": 17.9803, ""matched_evidence_count"": 15, ""conflict_count"": 0}, {""label"": ""独立级濒海战斗舰"", ""category"": ""护卫舰"", ""confidence"": 0.6...",
known_wasp_001,standard_structure_description,detailed,low,两栖舰,黄蜂级两栖攻击舰,False,航空母舰,尼米兹级航空母舰,False,False,该舰拥有全通飞行甲板和右舷舰岛式上层建筑，可搭载直升机和短距起飞/垂直降落飞机。它没有弹射器和拦阻索，但设有坞舱、艉门和登陆艇搭载能力，主要用于两栖攻击。,全通飞行甲板,未知,无,0,无,0,未知,有,有,未知,有,有,有,未知,未知,未知,未知,舰岛式上层建筑,右舷舰岛,未知,未知,未知,未知,未知,未知,未知,未知,未知,未知,未知,未知,两栖攻击,未知,未知,强,未知,未知,未知,未知,未知,未知,未知,未知,未知,未知,未知,未知,未知,未知,未知,,,,,,,"全通飞行甲板,右舷舰岛式上层建筑,直升机,短距起飞/垂直降落飞机,弹射器,拦阻索,坞舱,艉门,登陆艇,两栖攻击","{""pred_category"": ""航空母舰"", ""pred_known_class"": null, ""pred_open_set"": true, ""pred_unknown_scope"": ""航空母舰类别内未知类"", ""final_decision"": {""result_type"": ""category_unknown"", ""primary_category"": ""航空母舰"", ""primary_class"": null, ""confidence"": 0.9595, ""status"": ""open_set_by_signature_conflict"", ""message"": ""最终判定：航空母舰类别内未知类。v14 开放集修正：当前结果拟匹配 尼米兹级航空母舰，但输入出现与该已知舰级冲突的强特征，如 没有弹射器, 坞舱, 艉门, 登陆艇；因此不再强行补已知类。""}}","{""final_decision"": {""result_type"": ""category_unknown"", ""primary_category"": ""航空母舰"", ""primary_class"": null, ""confidence"": 0.9595, ""status"": ""open_set_by_signature_conflict"", ""message"": ""最终判定：航空母舰类别内未知类。v14 开放集修正：当前结果拟匹配 尼米兹级航空母舰，但输入出现与该已知舰级冲突的强特征，如 没有弹射器, 坞舱, 艉门, 登陆艇；因此不再强行补已知类。""}, ""category_result"": {""label"": ""航空母舰"", ""confidence"": 0.9595, ""status"": ""matched"", ""reason"": ""v14 开放集修正：当前结果拟匹配 尼米兹级航空母舰，但输入出现与该已知舰级冲突的强特征，如 没有弹射器, 坞舱, 艉门, 登陆艇；因此不再强行补已知类。""}, ""known_class_result"": null, ""open_set_result"": {""is_unknown"": true, ""unknown_scope"": ""航空母舰类别内未知类"", ""reason"": ""v14 开放集修正：当前结果拟匹配 尼米兹级航空母舰，但输入出现与该已知舰级冲突的强特征，如 没有弹射器, 坞舱, 艉门, 登陆艇；因此不再强行补已知类。""}, ""category_candidates"": [{""label"": ""两栖舰"", ""score"": 27.395, ""confidence"": 0.6306}, {""label"": ""登陆舰"", ""score"": 8.241, ""confidence"": 0.1897}, {""label"": ""航空母舰"", ""score"": 7.808, ""confidence"": 0.1797}, {""label"": ""巡洋舰"", ""score"": 0.0, ""confidence"": 0.0}, {""label"": ""驱逐舰"", ""score"": 0.0, ""confidence"": 0.0}, {""label"": ""护卫舰"", ""score"": 0.0, ""confidence"": 0.0}], ""known_class_candidates"": [{""label"": ""黄蜂级两栖攻击舰"", ""category"": ""两栖舰"", ""confidence"": 0.9595, ""score"": 34.1126, ""matched_evidence_count"": 17, ""conflict_count"": 0}, {""label"": ""尼米兹级航空母舰"", ""category"": ""航空母舰"", ""confi...",
known_san_antonio_006,vlm_style_description,medium,low,两栖舰,圣安东尼奥级两栖船坞运输舰,False,两栖舰,,True,False,画面显示该舰干舷较高，上层建筑体量很大且外形封闭，后部有航空作业甲板，舰尾疑似设置坞舱艉门。未见垂发阵列作为主要外观特征。,未知,后部,未知,未知,未知,未知,未知,未知,未知,未知,疑似设置坞舱艉门,疑似设置坞舱艉门,未知,未知,未知,未知,未知,外形封闭,未知,未知,未知,无,无,无,未知,未知,未知,未知,未知,未知,未知,未知,未知,未知,未知,未知,未知,未知,未知,未知,未知,未知,未知,未知,未知,未知,未知,未知,未知,未知,,,,,,,"干舷较高,上层建筑体量很大且外形封闭,后部有航空作业甲板,舰尾疑似设置坞舱艉门,未见垂发阵列作为主要外观特征","{""pred_category"": ""两栖舰"", ""pred_known_class"": ""圣安东尼奥级两栖船坞运输舰"", ""pred_open_set"": false, ""pred_unknown_scope"": null, ""final_decision"": {""result_type"": ""known_class"", ""primary_category"": ""两栖舰"", ""primary_class"": ""圣安东尼奥级两栖船坞运输舰"", ""confidence"": 0.62, ""status"": ""single_best"", ""message"": ""最终判定：两栖舰 / 圣安东尼奥级两栖船坞运输舰。该结果为当前最高置信度候选。"", ""margin"": 0.1821, ""alternatives"": {""top_categories"": [{""label"": ""驱逐舰"", ""confidence"": 0.7096, ""score"": 3.083}, {""label"": ""航空母舰"", ""confidence"": 0.2904, ""score"": 1.262}, {""label"": ""巡洋舰"", ""confidence"": 0.0, ""score"": 0.0}], ""top_known_classes"": [{""label"": null, ""category"": ""驱逐舰"", ""confidence"": 0.3083, ""score"": 5.68, ""matched_evidence_count"": 0, ""conflict_count"": 0}, {""label"": null, ""category"": ""航空母舰"", ""confidence"": 0.1262, ""score"": 2.3245, ""matched_evidence_count"": 0, ""conflict_count"": 0}, {""label"": null, ""category"": ""巡洋舰"", ""confidence"": 0.0, ""score"": -1.72, ""matched_evidence_count"": 0, ""conflict_count"": 0}]}}}","{""final_decision"": {""result_type"": ""known_class"", ""primary_category"": ""两栖舰"", ""primary_class"": ""圣安东尼奥级两栖船坞运输舰"", ""confidence"": 0.62, ""status"": ""single_best"", ""message"": ""最终判定：两栖舰 / 圣安东尼奥级两栖船坞运输舰。该结果为当前最高置信度候选。"", ""margin"": 0.1821, ""alternatives"": {""top_categories"": [{""label"": ""驱逐舰"", ""confidence"": 0.7096, ""score"": 3.083}, {""label"": ""航空母舰"", ""confidence"": 0.2904, ""score"": 1.262}, {""label"": ""巡洋舰"", ""confidence"": 0.0, ""score"": 0.0}], ""top_known_classes"": [{""label"": null, ""category"": ""驱逐舰"", ""confidence"": 0.3083, ""score"": 5.68, ""matched_evidence_count"": 0, ""conflict_count"": 0}, {""label"": null, ""category"": ""航空母舰"", ""confidence"": 0.1262, ""score"": 2.3245, ""matched_evidence_count"": 0, ""conflict_count"": 0}, {""label"": null, ""category"": ""巡洋舰"", ""confidence"": 0.0, ""score"": -1.72, ""matched_evidence_count"": 0, ""conflict_count"": 0}]}}, ""category_result"": {""label"": ""两栖舰"", ""confidence"": 0.7096, ""status"": ""matched"", ""reason"": ""v12 后处理：原始文本对 圣安东尼奥级两栖船坞运输舰 存在强提示，纠正/补全已知舰级。""}, ""known_class_result"": {""label"": ""圣安东尼奥级两栖船坞运输舰"", ""category"": ""两栖舰"", ""confidence"": 0.62, ""score"": -3.1755, ""known_status"": ""Known"", ""reason"": ""v12 后处理：原始文本对 圣安东尼奥级两栖船坞运输舰 存在强提示，纠正/补全已知舰级。""}, ""open_set_result"": {""is_unknown"": false, ""unknow...",
known_san_antonio_008,missing_noisy_description,coarse,medium,两栖舰,圣安东尼奥级两栖船坞运输舰,False,航空母舰,,True,False,这艘舰不像驱逐舰，前部上层建筑很大，后面有直升机平台，船尾好像有开口但看不清。没有看到航母那种贯通大甲板。,无明显飞行甲板,无,无,不适用,无,不适用,未知,无,无,未知,不确定,不确定,不确定,不确定,未知,未知,未知,未知,未知,未知,未知,未知,未知,未知,未知,未知,未知,未知,未知,未知,未知,未知,未知,未知,不确定,不确定,未知,未知,未知,未知,未知,未知,未知,未知,未知,未知,未知,未知,未知,未知,,,,,,,"前部上层建筑很大,后面有直升机平台,船尾好像有开口但看不清,没有看到航母那种贯通大甲板","{""pred_category"": null, ""pred_known_class"": null, ""pred_open_set"": false, ""pred_unknown_scope"": null, ""final_decision"": {""result_type"": ""uncertain"", ""primary_category"": null, ""primary_class"": null, ""confidence"": 0.3974, ""status"": ""insufficient_information"", ""message"": ""最终判定：输入信息不足，暂时无法稳定判断舰船大类或具体已知舰级。"", ""alternatives"": {""top_categories"": [{""label"": ""护卫舰"", ""confidence"": 0.3974, ""score"": 1.693}, {""label"": ""登陆舰"", ""confidence"": 0.3974, ""score"": 1.693}, {""label"": ""两栖舰"", ""confidence"": 0.2052, ""score"": 0.874}], ""top_known_classes"": [{""label"": null, ""category"": ""护卫舰"", ""confidence"": 0.1693, ""score"": 1.8445, ""matched_evidence_count"": 0, ""conflict_count"": 0}, {""label"": null, ""category"": ""登陆舰"", ""confidence"": 0.1693, ""score"": 1.8445, ""matched_evidence_count"": 0, ""conflict_count"": 0}, {""label"": null, ""category"": ""两栖舰"", ""confidence"": 0.0874, ""score"": 0.952, ""matched_evidence_count"": 0, ""conflict_count"": 0}]}}}","{""category_result"": {""label"": null, ""confidence"": 0.3974, ""status"": ""uncertain"", ""reason"": ""输入信息不足，无法稳定判断舰船大类。""}, ""known_class_result"": null, ""open_set_result"": {""is_unknown"": false, ""unknown_scope"": null, ""reason"": ""大类尚不明确，暂不进行类别内未知判断。""}, ""final_decision"": {""result_type"": ""uncertain"", ""primary_category"": null, ""primary_class"": null, ""confidence"": 0.3974, ""status"": ""insufficient_information"", ""message"": ""最终判定：输入信息不足，暂时无法稳定判断舰船大类或具体已知舰级。"", ""alternatives"": {""top_categories"": [{""label"": ""护卫舰"", ""confidence"": 0.3974, ""score"": 1.693}, {""label"": ""登陆舰"", ""confidence"": 0.3974, ""score"": 1.693}, {""label"": ""两栖舰"", ""confidence"": 0.2052, ""score"": 0.874}], ""top_known_classes"": [{""label"": null, ""category"": ""护卫舰"", ""confidence"": 0.1693, ""score"": 1.8445, ""matched_evidence_count"": 0, ""conflict_count"": 0}, {""label"": null, ""category"": ""登陆舰"", ""confidence"": 0.1693, ""score"": 1.8445, ""matched_evidence_count"": 0, ""conflict_count"": 0}, {""label"": null, ""category"": ""两栖舰"", ""confidence"": 0.0874, ""score"": 0.952, ""matched_evidence_count"": 0, ""conflict_count"": 0}]}}, ""category_candidates"": [{""label"": ""护卫舰"", ""score"": 1.693, ""confidence"": 0.3974}, {""label"": ""登陆舰"", ""score"": 1.693, ""confidence"": 0.3974}, {""label"": ""两栖舰"", ...",
unknown_destroyer_real_008,missing_noisy_description,coarse,medium,驱逐舰,,True,巡洋舰,,True,False,只能看出这艘舰比较大，前面有主炮，中部上层建筑很高，桅杆像格子结构，舰上似乎有很多导弹发射井。舰尾好像可以让直升机起降，但没有看清机库和具体雷达型号。,未知,舰尾,未知,未知,未知,未知,未知,未知,未知,无直升机机库,未知,未知,未知,未知,未知,未知,未知,未知,未知,重型四角格子桅,未知,有,未知,未知,有,舰艏,未知,未知,未知,未知,未知,未知,未知,未知,未知,未知,未知,未知,未知,未知,未知,未知,未知,未知,未知,未知,未知,未知,未知,未知,,,,,,,未知,"{""pred_category"": ""驱逐舰"", ""pred_known_class"": null, ""pred_open_set"": true, ""pred_unknown_scope"": ""驱逐舰类别内未知类"", ""final_decision"": {""result_type"": ""category_unknown"", ""primary_category"": ""驱逐舰"", ""primary_class"": null, ""confidence"": 0.6768, ""status"": ""open_set_by_signature_conflict"", ""message"": ""最终判定：驱逐舰类别内未知类。v15 真实未知类修正：当前结果拟匹配 提康德罗加级导弹巡洋舰，但输入命中驱逐舰方向的真实未知类强特征，如 重型四角格子桅, 四角格子桅, 格子结构；这些特征不是当前已知舰级的强匹配证据，因此输出类别内未知类。""}}","{""final_decision"": {""result_type"": ""category_unknown"", ""primary_category"": ""驱逐舰"", ""primary_class"": null, ""confidence"": 0.6768, ""status"": ""open_set_by_signature_conflict"", ""message"": ""最终判定：驱逐舰类别内未知类。v15 真实未知类修正：当前结果拟匹配 提康德罗加级导弹巡洋舰，但输入命中驱逐舰方向的真实未知类强特征，如 重型四角格子桅, 四角格子桅, 格子结构；这些特征不是当前已知舰级的强匹配证据，因此输出类别内未知类。""}, ""category_result"": {""label"": ""驱逐舰"", ""confidence"": 0.6768, ""status"": ""matched"", ""reason"": ""v15 真实未知类修正：当前结果拟匹配 提康德罗加级导弹巡洋舰，但输入命中驱逐舰方向的真实未知类强特征，如 重型四角格子桅, 四角格子桅, 格子结构；这些特征不是当前已知舰级的强匹配证据，因此输出类别内未知类。""}, ""known_class_result"": null, ""open_set_result"": {""is_unknown"": true, ""unknown_scope"": ""驱逐舰类别内未知类"", ""reason"": ""v15 真实未知类修正：当前结果拟匹配 提康德罗加级导弹巡洋舰，但输入命中驱逐舰方向的真实未知类强特征，如 重型四角格子桅, 四角格子桅, 格子结构；这些特征不是当前已知舰级的强匹配证据，因此输出类别内未知类。""}, ""category_candidates"": [{""label"": ""巡洋舰"", ""score"": 7.293, ""confidence"": 0.2898}, {""label"": ""护卫舰"", ""score"": 6.027, ""confidence"": 0.2395}, {""label"": ""驱逐舰"", ""score"": 5.777, ""confidence"": 0.2296}, {""label"": ""航空母舰"", ""score"": 2.195, ""confidence"": 0.0872}, {""label"": ""两栖舰"", ""score"": 2.195, ""confidence"": 0.0872}, {""label"": ""登陆舰"", ""score"": 1.677, ""confidence"": 0.0666}], ""known_class_candidates"": [{""label"": ""提康德罗加级导弹巡洋舰"", ""category"": ""巡洋舰"", ""confidence"": 0.6768, ""score"": 5.55, ""match...",
unknown_frigate_a_real_006,vlm_style_description,medium,low,护卫舰,,True,驱逐舰,,True,False,画面显示该舰体量中等，舰桥和烟囱位于中前部，上方有较明显的桅杆和雷达设备。舰尾区域设有直升机操作区，舰艏有76毫米级舰炮，未观察到全通飞行甲板、坞舱或大型登陆艇收放结构。,无明显飞行甲板,无,无,0,无,0,未知,无,无,未知,无,无,无,无,未知,未知,未知,未知,未知,较明显的桅杆,未知,未知,未知,未知,有,舰艏,76mm级,未知,未知,未知,未知,未知,未知,未知,未知,未知,未知,未知,未知,未知,未知,未知,未知,未知,未知,未知,未知,未知,未知,未知,,,,,,,"舰体量中等,舰桥和烟囱位于中前部,较明显的桅杆和雷达设备,舰尾区域设有直升机操作区,舰艏有76毫米级舰炮,未观察到全通飞行甲板,坞舱或大型登陆艇收放结构","{""pred_category"": ""护卫舰"", ""pred_known_class"": null, ""pred_open_set"": true, ""pred_unknown_scope"": ""护卫舰类别内未知类"", ""final_decision"": {""result_type"": ""category_unknown"", ""primary_category"": ""护卫舰"", ""primary_class"": null, ""confidence"": 0.62, ""status"": ""open_set_by_signature_conflict"", ""message"": ""最终判定：护卫舰类别内未知类。v15 真实未知类修正：当前没有稳定已知舰级匹配，输入特征更符合护卫舰方向，证据包括 76mm, 76毫米, 76毫米级。""}}","{""category_result"": {""label"": ""护卫舰"", ""confidence"": 0.62, ""status"": ""matched"", ""reason"": ""v15 真实未知类修正：当前没有稳定已知舰级匹配，输入特征更符合护卫舰方向，证据包括 76mm, 76毫米, 76毫米级。""}, ""known_class_result"": null, ""open_set_result"": {""is_unknown"": true, ""unknown_scope"": ""护卫舰类别内未知类"", ""reason"": ""v15 真实未知类修正：当前没有稳定已知舰级匹配，输入特征更符合护卫舰方向，证据包括 76mm, 76毫米, 76毫米级。""}, ""final_decision"": {""result_type"": ""category_unknown"", ""primary_category"": ""护卫舰"", ""primary_class"": null, ""confidence"": 0.62, ""status"": ""open_set_by_signature_conflict"", ""message"": ""最终判定：护卫舰类别内未知类。v15 真实未知类修正：当前没有稳定已知舰级匹配，输入特征更符合护卫舰方向，证据包括 76mm, 76毫米, 76毫米级。""}, ""category_candidates"": [{""label"": ""巡洋舰"", ""score"": 2.409, ""confidence"": 0.2154}, {""label"": ""航空母舰"", ""score"": 2.379, ""confidence"": 0.2128}, {""label"": ""驱逐舰"", ""score"": 2.234, ""confidence"": 0.1998}, {""label"": ""护卫舰"", ""score"": 1.977, ""confidence"": 0.1768}, {""label"": ""登陆舰"", ""score"": 1.176, ""confidence"": 0.1052}, {""label"": ""两栖舰"", ""score"": 1.007, ""confidence"": 0.0901}], ""known_class_candidates"": [{""label"": ""尼米兹级航空母舰"", ""category"": ""航空母舰"", ""confidence"": 0.2379, ""score"": 5.1596, ""matched_evidence_count"": 7, ""conflict_count"": 1}, {""label"": ""独立级濒海战斗舰"", ""category"": ""护卫舰"", ""confidence"": 0.1977, ""score"": 4.2861, ""matched_ev...",
unknown_frigate_a_real_008,missing_noisy_description,coarse,medium,护卫舰,,True,巡洋舰,,True,False,只能看出这是一艘中型军舰，舰尾有直升机库和起降甲板，船头有一门炮，中部有雷达和桅杆。甲板上似乎有一些导弹发射装置，但数量和型号看不清。,艉部直升机甲板,舰尾,无,0,无,0,未知,无,无,有直升机机库,未知,未知,未知,未知,未知,未知,未知,未知,未知,未知,未知,有,未知,未知,有,舰艏,未知,未知,未知,未知,未知,未知,未知,未知,未知,未知,未知,未知,未知,未知,未知,未知,未知,未知,未知,未知,未知,未知,未知,未知,,,,,,,"中型军舰,舰尾直升机库,起降甲板,船头炮,中部雷达和桅杆,导弹发射装置","{""pred_category"": ""护卫舰"", ""pred_known_class"": null, ""pred_open_set"": true, ""pred_unknown_scope"": ""护卫舰类别内未知类"", ""final_decision"": {""result_type"": ""category_unknown"", ""primary_category"": ""护卫舰"", ""primary_class"": null, ""confidence"": 0.7127, ""status"": ""open_set_by_signature_conflict"", ""message"": ""最终判定：护卫舰类别内未知类。v15 真实未知类修正：当前结果拟匹配 提康德罗加级导弹巡洋舰，但输入命中护卫舰方向的真实未知类强特征，如 直升机机库, 直升机库, 舰尾有直升机库；这些特征不是当前已知舰级的强匹配证据，因此输出类别内未知类。""}}","{""final_decision"": {""result_type"": ""category_unknown"", ""primary_category"": ""护卫舰"", ""primary_class"": null, ""confidence"": 0.7127, ""status"": ""open_set_by_signature_conflict"", ""message"": ""最终判定：护卫舰类别内未知类。v15 真实未知类修正：当前结果拟匹配 提康德罗加级导弹巡洋舰，但输入命中护卫舰方向的真实未知类强特征，如 直升机机库, 直升机库, 舰尾有直升机库；这些特征不是当前已知舰级的强匹配证据，因此输出类别内未知类。""}, ""category_result"": {""label"": ""护卫舰"", ""confidence"": 0.7127, ""status"": ""matched"", ""reason"": ""v15 真实未知类修正：当前结果拟匹配 提康德罗加级导弹巡洋舰，但输入命中护卫舰方向的真实未知类强特征，如 直升机机库, 直升机库, 舰尾有直升机库；这些特征不是当前已知舰级的强匹配证据，因此输出类别内未知类。""}, ""known_class_result"": null, ""open_set_result"": {""is_unknown"": true, ""unknown_scope"": ""护卫舰类别内未知类"", ""reason"": ""v15 真实未知类修正：当前结果拟匹配 提康德罗加级导弹巡洋舰，但输入命中护卫舰方向的真实未知类强特征，如 直升机机库, 直升机库, 舰尾有直升机库；这些特征不是当前已知舰级的强匹配证据，因此输出类别内未知类。""}, ""category_candidates"": [{""label"": ""护卫舰"", ""score"": 8.049, ""confidence"": 0.2777}, {""label"": ""巡洋舰"", ""score"": 7.652, ""confidence"": 0.264}, {""label"": ""驱逐舰"", ""score"": 6.599, ""confidence"": 0.2277}, {""label"": ""两栖舰"", ""score"": 2.785, ""confidence"": 0.0961}, {""label"": ""登陆舰"", ""score"": 2.478, ""confidence"": 0.0855}, {""label"": ""航空母舰"", ""score"": 1.417, ""confidence"": 0.0489}], ""known_class_candidates"": [{""label"": ""提康德罗加级导弹巡洋舰"", ""category"": ""巡洋舰"", ""confidence"": 0.7127, ""score"": 8.9303, ""matc...",
unknown_frigate_b_real_003,user_oral_description,medium,medium,护卫舰,,True,巡洋舰,提康德罗加级导弹巡洋舰,False,False,这艘舰看起来是比较新的护卫舰或巡防舰，船体不大，舰艏有一门大口径炮，后部能停直升机。舰上有垂直发射装置和反舰导弹，但没有全通飞行甲板，也没有坞舱或艉门。,艉部直升机甲板,舰尾,无,0,无,0,未知,无,无,未知,无,无,无,无,未知,未知,未知,未知,未知,未知,未知,有,未知,未知,有,舰艏,大口径,未知,未知,有,未知,未知,未知,未知,无,无,未知,未知,未知,未知,未知,未知,未知,未知,未知,未知,未知,未知,未知,未知,,,,,,,"护卫舰或巡防舰,船体不大,舰艏大口径炮,后部停直升机,垂直发射装置,反舰导弹,无全通飞行甲板,无坞舱或艉门","{""pred_category"": ""护卫舰"", ""pred_known_class"": null, ""pred_open_set"": true, ""pred_unknown_scope"": ""护卫舰类别内未知类"", ""final_decision"": {""result_type"": ""category_unknown"", ""primary_category"": ""护卫舰"", ""primary_class"": null, ""confidence"": 0.7991, ""status"": ""open_set_by_signature_conflict"", ""message"": ""最终判定：护卫舰类别内未知类。v14 开放集修正：当前结果拟匹配 提康德罗加级导弹巡洋舰，但输入出现与该已知舰级冲突的强特征，如 护卫舰, 巡防舰；因此不再强行补已知类。""}}","{""final_decision"": {""result_type"": ""category_unknown"", ""primary_category"": ""护卫舰"", ""primary_class"": null, ""confidence"": 0.7991, ""status"": ""open_set_by_signature_conflict"", ""message"": ""最终判定：护卫舰类别内未知类。v14 开放集修正：当前结果拟匹配 提康德罗加级导弹巡洋舰，但输入出现与该已知舰级冲突的强特征，如 护卫舰, 巡防舰；因此不再强行补已知类。""}, ""category_result"": {""label"": ""护卫舰"", ""confidence"": 0.7991, ""status"": ""matched"", ""reason"": ""v14 开放集修正：当前结果拟匹配 提康德罗加级导弹巡洋舰，但输入出现与该已知舰级冲突的强特征，如 护卫舰, 巡防舰；因此不再强行补已知类。""}, ""known_class_result"": null, ""open_set_result"": {""is_unknown"": true, ""unknown_scope"": ""护卫舰类别内未知类"", ""reason"": ""v14 开放集修正：当前结果拟匹配 提康德罗加级导弹巡洋舰，但输入出现与该已知舰级冲突的强特征，如 护卫舰, 巡防舰；因此不再强行补已知类。""}, ""category_candidates"": [{""label"": ""护卫舰"", ""score"": 12.736, ""confidence"": 0.3548}, {""label"": ""巡洋舰"", ""score"": 8.516, ""confidence"": 0.2372}, {""label"": ""驱逐舰"", ""score"": 8.341, ""confidence"": 0.2324}, {""label"": ""航空母舰"", ""score"": 2.611, ""confidence"": 0.0727}, {""label"": ""两栖舰"", ""score"": 2.07, ""confidence"": 0.0577}, {""label"": ""登陆舰"", ""score"": 1.624, ""confidence"": 0.0452}], ""known_class_candidates"": [{""label"": ""提康德罗加级导弹巡洋舰"", ""category"": ""巡洋舰"", ""confidence"": 0.7991, ""score"": 19.0949, ""matched_evidence_count"": 19, ""conflict_count"": 0}, {""label"": ""阿利·伯克级驱逐舰"", ""category"": ""驱逐舰"", ""confidence"": ...",
unknown_frigate_b_real_006,vlm_style_description,medium,low,护卫舰,,True,巡洋舰,,True,False,画面显示该舰尺寸较小，舰体线条较简洁，舰艏主炮明显，舰尾保留直升机作业区域。舰上装备以中口径舰炮、近防系统、垂直发射单元、反舰导弹和声纳系统为主，符合现代巡防舰特征。,未知,未知,无,0,无,0,未知,无,无,未知,未知,未知,未知,未知,未知,未知,未知,未知,未知,未知,未知,有,未知,未知,有,舰艏,未知,未知,未知,有,有,未知,未知,未知,未知,未知,未知,未知,未知,未知,未知,未知,未知,未知,未知,未知,未知,未知,未知,未知,,,,,,,未知,"{""pred_category"": ""护卫舰"", ""pred_known_class"": null, ""pred_open_set"": true, ""pred_unknown_scope"": ""护卫舰类别内未知类"", ""final_decision"": {""result_type"": ""category_unknown"", ""primary_category"": ""护卫舰"", ""primary_class"": null, ""confidence"": 0.8627, ""status"": ""open_set_by_signature_conflict"", ""message"": ""最终判定：护卫舰类别内未知类。v14 开放集修正：输入更强地指向护卫舰，而不是当前预测的巡洋舰/提康德罗加级导弹巡洋舰；当前已知类强匹配特征不足，因此输出类别内未知类。""}}","{""final_decision"": {""result_type"": ""category_unknown"", ""primary_category"": ""护卫舰"", ""primary_class"": null, ""confidence"": 0.8627, ""status"": ""open_set_by_signature_conflict"", ""message"": ""最终判定：护卫舰类别内未知类。v14 开放集修正：输入更强地指向护卫舰，而不是当前预测的巡洋舰/提康德罗加级导弹巡洋舰；当前已知类强匹配特征不足，因此输出类别内未知类。""}, ""category_result"": {""label"": ""护卫舰"", ""confidence"": 0.8627, ""status"": ""matched"", ""reason"": ""v14 开放集修正：输入更强地指向护卫舰，而不是当前预测的巡洋舰/提康德罗加级导弹巡洋舰；当前已知类强匹配特征不足，因此输出类别内未知类。""}, ""known_class_result"": null, ""open_set_result"": {""is_unknown"": true, ""unknown_scope"": ""护卫舰类别内未知类"", ""reason"": ""v14 开放集修正：输入更强地指向护卫舰，而不是当前预测的巡洋舰/提康德罗加级导弹巡洋舰；当前已知类强匹配特征不足，因此输出类别内未知类。""}, ""category_candidates"": [{""label"": ""护卫舰"", ""score"": 14.706, ""confidence"": 0.4449}, {""label"": ""巡洋舰"", ""score"": 9.152, ""confidence"": 0.2769}, {""label"": ""驱逐舰"", ""score"": 8.977, ""confidence"": 0.2716}, {""label"": ""登陆舰"", ""score"": 0.22, ""confidence"": 0.0067}, {""label"": ""航空母舰"", ""score"": 0.0, ""confidence"": 0.0}, {""label"": ""两栖舰"", ""score"": 0.0, ""confidence"": 0.0}], ""known_class_candidates"": [{""label"": ""提康德罗加级导弹巡洋舰"", ""category"": ""巡洋舰"", ""confidence"": 0.8627, ""score"": 6.2853, ""matched_evidence_count"": 11, ""conflict_count"": 0}, {""label"": ""阿利·伯克级驱逐舰"", ""category"": ""驱逐舰"", ""confidence"": 0.8627, ""score...",
unknown_frigate_b_real_007,parameter_text_description,detailed,low,护卫舰,,True,巡洋舰,,True,False,该舰标准排水量约3000吨，满载排水量约3600吨，舰长约122米，舷宽约14米，最高航速超过30节。动力系统采用CODLOG构型，装备MT30燃气轮机、柴油机和电力推进装置，武器包括127毫米舰炮、16单元垂直发射系统、反舰导弹、近防炮、鱼雷管和舰载直升机起降设施。,未知,未知,无,0,未知,未知,未知,无,未知,未知,未知,未知,未知,未知,未知,未知,未知,未知,未知,未知,未知,有,16单元级,未知,有,未知,127mm级,未知,未知,有,未知,未知,未知,未知,未知,未知,未知,未知,未知,122米,14米,约3600吨,超过30节,未知,未知,未知,未知,未知,CODLOG,"MT30燃气轮机,柴油机和电力推进装置",,,,,,,"标准排水量约3000吨,满载排水量约3600吨,舰长约122米,舷宽约14米,最高航速超过30节,CODLOG构型,MT30燃气轮机,127毫米舰炮,16单元垂直发射系统,反舰导弹,近防炮,鱼雷管,舰载直升机起降设施","{""pred_category"": ""护卫舰"", ""pred_known_class"": null, ""pred_open_set"": true, ""pred_unknown_scope"": ""护卫舰类别内未知类"", ""final_decision"": {""result_type"": ""category_unknown"", ""primary_category"": ""护卫舰"", ""primary_class"": null, ""confidence"": 0.62, ""status"": ""open_set_by_signature_conflict"", ""message"": ""最终判定：护卫舰类别内未知类。v15 真实未知类修正：输入中的真实结构/装备特征更强地指向护卫舰，证据包括 CODLOG, MT30, 标准排水量约3000, 满载排水量约3600, 舰长约122；因此修正为该大类下的类别内未知类。""}}","{""final_decision"": {""result_type"": ""category_unknown"", ""primary_category"": ""护卫舰"", ""primary_class"": null, ""confidence"": 0.62, ""status"": ""open_set_by_signature_conflict"", ""message"": ""最终判定：护卫舰类别内未知类。v15 真实未知类修正：输入中的真实结构/装备特征更强地指向护卫舰，证据包括 CODLOG, MT30, 标准排水量约3000, 满载排水量约3600, 舰长约122；因此修正为该大类下的类别内未知类。""}, ""category_result"": {""label"": ""护卫舰"", ""confidence"": 0.62, ""status"": ""matched"", ""reason"": ""v15 真实未知类修正：输入中的真实结构/装备特征更强地指向护卫舰，证据包括 CODLOG, MT30, 标准排水量约3000, 满载排水量约3600, 舰长约122；因此修正为该大类下的类别内未知类。""}, ""known_class_result"": null, ""open_set_result"": {""is_unknown"": true, ""unknown_scope"": ""护卫舰类别内未知类"", ""reason"": ""v15 真实未知类修正：输入中的真实结构/装备特征更强地指向护卫舰，证据包括 CODLOG, MT30, 标准排水量约3000, 满载排水量约3600, 舰长约122；因此修正为该大类下的类别内未知类。""}, ""category_candidates"": [{""label"": ""驱逐舰"", ""score"": 5.574, ""confidence"": 0.3843}, {""label"": ""巡洋舰"", ""score"": 5.544, ""confidence"": 0.3823}, {""label"": ""护卫舰"", ""score"": 3.385, ""confidence"": 0.2334}, {""label"": ""航空母舰"", ""score"": 0.0, ""confidence"": 0.0}, {""label"": ""两栖舰"", ""score"": 0.0, ""confidence"": 0.0}, {""label"": ""登陆舰"", ""score"": 0.0, ""confidence"": 0.0}], ""known_class_candidates"": [{""label"": ""提康德罗加级导弹巡洋舰"", ""category"": ""巡洋舰"", ""confidence"": 0.5544, ""score"": 14.459, ""matched_evidence_count"": 11, ""conf...",
unknown_frigate_b_real_008,missing_noisy_description,coarse,medium,护卫舰,,True,航空母舰,,True,False,这艘舰只看得出体型不大，船头有一门比较大的炮，后面有直升机平台，中间似乎有导弹发射装置。它不像航母或两栖舰，也没有看到三体船结构。,艉部直升机甲板,舰尾,无,0,无,0,1-2架直升机级,无,无,无机库但有直升机平台,无,无,无,无,无,无,单体船,未知,未知,未知,未知,有,未知,中部,有,舰艏,未知,未知,未知,未知,未知,未知,未知,未知,未知,未知,未知,未知,未知,未知,未知,未知,未知,未知,未知,未知,未知,未知,未知,未知,,,,,,,"体型不大,船头有一门比较大的炮,后面有直升机平台,中间似乎有导弹发射装置,不像航母或两栖舰,没有看到三体船结构","{""pred_category"": ""护卫舰"", ""pred_known_class"": null, ""pred_open_set"": true, ""pred_unknown_scope"": ""护卫舰类别内未知类"", ""final_decision"": {""result_type"": ""category_unknown"", ""primary_category"": ""护卫舰"", ""primary_class"": null, ""confidence"": 0.7814, ""status"": ""open_set_by_signature_conflict"", ""message"": ""最终判定：护卫舰类别内未知类。v17 否定语义纠偏：当前已触发类别内未知，但大类为航空母舰；非否定显式类别/真实未知签名更强地指向护卫舰，证据包括 单体船, 没有看到三体船, 没有看到三体船结构, 体型不大。""}}","{""final_decision"": {""result_type"": ""category_unknown"", ""primary_category"": ""护卫舰"", ""primary_class"": null, ""confidence"": 0.7814, ""status"": ""open_set_by_signature_conflict"", ""message"": ""最终判定：护卫舰类别内未知类。v17 否定语义纠偏：当前已触发类别内未知，但大类为航空母舰；非否定显式类别/真实未知签名更强地指向护卫舰，证据包括 单体船, 没有看到三体船, 没有看到三体船结构, 体型不大。""}, ""category_result"": {""label"": ""护卫舰"", ""confidence"": 0.7814, ""status"": ""matched"", ""reason"": ""v17 否定语义纠偏：当前已触发类别内未知，但大类为航空母舰；非否定显式类别/真实未知签名更强地指向护卫舰，证据包括 单体船, 没有看到三体船, 没有看到三体船结构, 体型不大。""}, ""known_class_result"": null, ""open_set_result"": {""is_unknown"": true, ""unknown_scope"": ""护卫舰类别内未知类"", ""reason"": ""v17 否定语义纠偏：当前已触发类别内未知，但大类为航空母舰；非否定显式类别/真实未知签名更强地指向护卫舰，证据包括 单体船, 没有看到三体船, 没有看到三体船结构, 体型不大。""}, ""category_candidates"": [{""label"": ""驱逐舰"", ""score"": 8.164, ""confidence"": 0.2776}, {""label"": ""巡洋舰"", ""score"": 7.266, ""confidence"": 0.247}, {""label"": ""护卫舰"", ""score"": 4.992, ""confidence"": 0.1697}, {""label"": ""两栖舰"", ""score"": 3.572, ""confidence"": 0.1214}, {""label"": ""登陆舰"", ""score"": 3.118, ""confidence"": 0.106}, {""label"": ""航空母舰"", ""score"": 2.301, ""confidence"": 0.0782}], ""known_class_candidates"": [{""label"": ""阿利·伯克级驱逐舰"", ""category"": ""驱逐舰"", ""confidence"": 0.7814, ""score"": 19.6599, ""matched_evidence_count"": 22, ""conflict_count"": 0}, {""l...",
